task,mode,seed,accuracy,trainable_params,total_params,pct_trainable,gpu_mem_gb,train_time_s
mnli,Full,42,0.8743759551706571,124647939,124647939,100.0,3.43072256,3169.153910636902
mnli,Full,123,0.8727457972491085,124647939,124647939,100.0,3.440946176,3140.5583255290985
mnli,Full,2025,0.8750891492613347,124647939,124647939,100.0,3.443567616,3154.3515923023224
mnli,LoRA,42,0.8658176260825268,887811,125535750,0.7072176650874352,3.443567616,3222.0114533901215
mnli,LoRA,123,0.8660213958227203,887811,125535750,0.7072176650874352,3.443567616,3341.45596909523
mnli,LoRA,2025,0.8649006622516556,887811,125535750,0.7072176650874352,3.443567616,3209.943310022354
