task,mode,seed,accuracy,trainable_params,total_params,pct_trainable,gpu_mem_gb,train_time_s
sst2,Full,42,0.9357798165137615,124647170,124647170,100.0,4.636670464,629.2090554237366
sst2,Full,123,0.9323394495412844,124647170,124647170,100.0,4.636670464,619.4374179840088
sst2,Full,2025,0.9392201834862385,124647170,124647170,100.0,4.636670464,616.0349345207214
sst2,LoRA,42,0.9426605504587156,887042,125534212,0.7066137476531099,4.636670464,595.0283644199371
sst2,LoRA,123,0.9346330275229358,887042,125534212,0.7066137476531099,4.636670464,594.0998952388763
sst2,LoRA,2025,0.9415137614678899,887042,125534212,0.7066137476531099,4.636670464,577.3856530189514
